month,district,anc_coverage,institutional_delivery,immunization,high_risk_cases
2022-07-01,Ahmedabad,81,94,95,12
2022-08-01,Ahmedabad,95,86,94,7
2022-09-01,Ahmedabad,85,90,92,9
2022-10-01,Ahmedabad,78,87,92,7
2022-11-01,Ahmedabad,95,81,92,16
2022-12-01,Ahmedabad,80,81,96,9
2023-01-01,Ahmedabad,75,91,94,10
2023-02-01,Ahmedabad,86,96,95,15
2023-03-01,Ahmedabad,84,95,99,18
2023-04-01,Ahmedabad,89,98,96,11
2023-05-01,Ahmedabad,94,82,89,7
2023-06-01,Ahmedabad,81,88,91,6
2023-07-01,Ahmedabad,78,93,86,14
2023-08-01,Ahmedabad,83,81,88,16
2023-09-01,Ahmedabad,89,86,96,17
2023-10-01,Ahmedabad,82,94,87,18
2023-11-01,Ahmedabad,91,83,86,12
2023-12-01,Ahmedabad,78,81,98,10
2024-01-01,Ahmedabad,84,83,90,17
2024-02-01,Ahmedabad,92,91,86,14
2024-03-01,Ahmedabad,78,93,99,19
2024-04-01,Ahmedabad,82,93,91,16
2024-05-01,Ahmedabad,82,95,97,6
2024-06-01,Ahmedabad,89,92,93,17
2024-07-01,Ahmedabad,89,92,85,13
2024-08-01,Ahmedabad,81,88,92,5
2024-09-01,Ahmedabad,86,87,92,19
2024-10-01,Ahmedabad,85,98,85,12
2024-11-01,Ahmedabad,77,82,85,15
2024-12-01,Ahmedabad,79,89,91,14
2025-01-01,Ahmedabad,83,86,93,12
2025-02-01,Ahmedabad,86,81,85,11
2025-03-01,Ahmedabad,79,82,96,12
2025-04-01,Ahmedabad,77,80,87,9
2025-05-01,Ahmedabad,89,93,87,5
2025-06-01,Ahmedabad,79,93,91,15
2025-07-01,Ahmedabad,83,94,99,14
2025-08-01,Ahmedabad,84,92,87,19
2025-09-01,Ahmedabad,81,96,88,17
2025-10-01,Ahmedabad,78,84,91,11
2025-11-01,Ahmedabad,87,94,95,17
2025-12-01,Ahmedabad,78,92,91,15
2026-01-01,Ahmedabad,75,81,94,17
2026-02-01,Ahmedabad,82,85,96,16
2026-03-01,Ahmedabad,75,86,98,5
2026-04-01,Ahmedabad,78,92,93,7
2026-05-01,Ahmedabad,66,87,95,13
2026-06-01,Ahmedabad,58,98,94,16
2026-07-01,Ahmedabad,79,88,88,5
2026-08-01,Ahmedabad,83,91,98,11
2022-07-01,Surat,77,96,89,5
2022-08-01,Surat,91,96,86,6
2022-09-01,Surat,79,80,85,7
2022-10-01,Surat,76,91,94,10
2022-11-01,Surat,78,90,92,15
2022-12-01,Surat,91,85,92,9
2023-01-01,Surat,94,81,90,10
2023-02-01,Surat,85,95,85,13
2023-03-01,Surat,80,95,97,7
2023-04-01,Surat,94,83,87,14
2023-05-01,Surat,77,98,88,11
2023-06-01,Surat,94,88,85,12
2023-07-01,Surat,81,97,92,5
2023-08-01,Surat,85,97,91,19
2023-09-01,Surat,84,82,91,16
2023-10-01,Surat,90,95,93,8
2023-11-01,Surat,91,81,85,18
2023-12-01,Surat,86,84,89,15
2024-01-01,Surat,83,88,87,7
2024-02-01,Surat,90,95,87,8
2024-03-01,Surat,75,90,85,12
2024-04-01,Surat,78,85,92,8
2024-05-01,Surat,77,95,98,13
2024-06-01,Surat,77,97,98,6
2024-07-01,Surat,76,82,97,13
2024-08-01,Surat,78,80,88,5
2024-09-01,Surat,88,95,88,12
2024-10-01,Surat,82,86,87,5
2024-11-01,Surat,75,95,96,15
2024-12-01,Surat,93,93,98,10
2025-01-01,Surat,80,92,87,10
2025-02-01,Surat,82,81,89,18
2025-03-01,Surat,75,94,85,9
2025-04-01,Surat,90,98,88,7
2025-05-01,Surat,91,96,96,16
2025-06-01,Surat,88,85,87,16
2025-07-01,Surat,83,84,92,17
2025-08-01,Surat,91,93,89,19
2025-09-01,Surat,77,80,88,19
2025-10-01,Surat,95,80,87,6
2025-11-01,Surat,84,82,92,18
2025-12-01,Surat,92,55,90,11
2026-01-01,Surat,76,89,86,14
2026-02-01,Surat,91,87,85,13
2026-03-01,Surat,85,95,91,17
2026-04-01,Surat,84,82,86,13
2026-05-01,Surat,87,86,93,8
2026-06-01,Surat,87,80,92,18
2026-07-01,Surat,90,93,96,7
2026-08-01,Surat,89,81,86,11
2022-07-01,Vadodara,93,96,88,14
2022-08-01,Vadodara,80,94,90,15
2022-09-01,Vadodara,79,80,92,9
2022-10-01,Vadodara,86,91,89,11
2022-11-01,Vadodara,78,85,97,8
2022-12-01,Vadodara,89,82,91,12
2023-01-01,Vadodara,94,95,97,6
2023-02-01,Vadodara,84,98,85,12
2023-03-01,Vadodara,93,84,94,9
2023-04-01,Vadodara,83,91,89,5
2023-05-01,Vadodara,75,94,86,18
2023-06-01,Vadodara,90,87,97,9
2023-07-01,Vadodara,75,95,97,11
2023-08-01,Vadodara,79,82,96,14
2023-09-01,Vadodara,90,98,89,10
2023-10-01,Vadodara,88,84,99,5
2023-11-01,Vadodara,88,84,96,14
2023-12-01,Vadodara,90,86,88,5
2024-01-01,Vadodara,79,89,90,9
2024-02-01,Vadodara,78,81,88,19
2024-03-01,Vadodara,84,98,94,5
2024-04-01,Vadodara,79,92,88,12
2024-05-01,Vadodara,90,81,85,16
2024-06-01,Vadodara,94,91,86,7
2024-07-01,Vadodara,75,80,97,7
2024-08-01,Vadodara,85,84,96,7
2024-09-01,Vadodara,75,80,92,14
2024-10-01,Vadodara,85,91,97,17
2024-11-01,Vadodara,86,93,86,17
2024-12-01,Vadodara,93,97,87,11
2025-01-01,Vadodara,91,87,97,14
2025-02-01,Vadodara,84,81,87,13
2025-03-01,Vadodara,81,83,94,9
2025-04-01,Vadodara,92,92,95,17
2025-05-01,Vadodara,78,83,94,9
2025-06-01,Vadodara,83,82,85,7
2025-07-01,Vadodara,90,83,86,5
2025-08-01,Vadodara,81,84,96,5
2025-09-01,Vadodara,87,82,93,18
2025-10-01,Vadodara,91,96,98,8
2025-11-01,Vadodara,90,92,95,7
2025-12-01,Vadodara,91,83,96,17
2026-01-01,Vadodara,83,98,96,13
2026-02-01,Vadodara,81,93,99,8
2026-03-01,Vadodara,93,94,89,9
2026-04-01,Vadodara,77,91,93,8
2026-05-01,Vadodara,95,83,89,11
2026-06-01,Vadodara,90,86,97,9
2026-07-01,Vadodara,84,86,98,19
2026-08-01,Vadodara,79,82,91,17
2022-07-01,Rajkot,85,90,86,19
2022-08-01,Rajkot,86,88,94,14
2022-09-01,Rajkot,86,96,97,10
2022-10-01,Rajkot,81,93,97,12
2022-11-01,Rajkot,84,88,86,15
2022-12-01,Rajkot,76,84,97,9
2023-01-01,Rajkot,80,98,92,17
2023-02-01,Rajkot,75,96,99,11
2023-03-01,Rajkot,87,83,88,10
2023-04-01,Rajkot,93,91,90,11
2023-05-01,Rajkot,84,98,91,18
2023-06-01,Rajkot,77,92,97,6
2023-07-01,Rajkot,94,87,97,19
2023-08-01,Rajkot,83,86,85,7
2023-09-01,Rajkot,87,96,93,12
2023-10-01,Rajkot,75,85,89,10
2023-11-01,Rajkot,86,92,97,17
2023-12-01,Rajkot,89,95,90,9
2024-01-01,Rajkot,85,84,88,7
2024-02-01,Rajkot,93,97,99,13
2024-03-01,Rajkot,91,93,99,19
2024-04-01,Rajkot,75,82,91,13
2024-05-01,Rajkot,85,91,94,12
2024-06-01,Rajkot,80,91,92,16
2024-07-01,Rajkot,95,87,94,16
2024-08-01,Rajkot,78,87,94,16
2024-09-01,Rajkot,92,84,93,8
2024-10-01,Rajkot,91,88,85,9
2024-11-01,Rajkot,94,92,96,17
2024-12-01,Rajkot,87,93,87,17
2025-01-01,Rajkot,80,97,87,9
2025-02-01,Rajkot,89,81,94,12
2025-03-01,Rajkot,92,92,89,11
2025-04-01,Rajkot,75,80,86,19
2025-05-01,Rajkot,91,90,89,14
2025-06-01,Rajkot,91,92,85,6
2025-07-01,Rajkot,83,82,99,5
2025-08-01,Rajkot,95,95,91,10
2025-09-01,Rajkot,91,84,99,9
2025-10-01,Rajkot,80,82,89,11
2025-11-01,Rajkot,79,84,94,14
2025-12-01,Rajkot,93,96,89,18
2026-01-01,Rajkot,83,93,85,7
2026-02-01,Rajkot,87,92,88,18
2026-03-01,Rajkot,75,96,92,6
2026-04-01,Rajkot,82,86,94,14
2026-05-01,Rajkot,76,82,95,6
2026-06-01,Rajkot,86,80,90,16
2026-07-01,Rajkot,79,96,99,19
2026-08-01,Rajkot,89,84,89,18
2022-07-01,Mehsana,76,90,87,11
2022-08-01,Mehsana,80,81,90,6
2022-09-01,Mehsana,76,97,98,19
2022-10-01,Mehsana,93,81,88,13
2022-11-01,Mehsana,80,80,92,19
2022-12-01,Mehsana,84,98,85,9
2023-01-01,Mehsana,78,89,92,5
2023-02-01,Mehsana,84,96,96,8
2023-03-01,Mehsana,79,81,90,9
2023-04-01,Mehsana,76,92,98,15
2023-05-01,Mehsana,85,95,95,7
2023-06-01,Mehsana,89,95,99,15
2023-07-01,Mehsana,90,87,88,12
2023-08-01,Mehsana,78,82,87,15
2023-09-01,Mehsana,92,98,87,9
2023-10-01,Mehsana,79,97,96,14
2023-11-01,Mehsana,95,85,85,9
2023-12-01,Mehsana,83,91,94,18
2024-01-01,Mehsana,76,96,98,14
2024-02-01,Mehsana,87,88,94,13
2024-03-01,Mehsana,89,94,92,18
2024-04-01,Mehsana,85,95,97,5
2024-05-01,Mehsana,78,80,92,5
2024-06-01,Mehsana,77,94,99,19
2024-07-01,Mehsana,88,93,92,6
2024-08-01,Mehsana,87,93,95,12
2024-09-01,Mehsana,93,86,87,19
2024-10-01,Mehsana,88,90,99,16
2024-11-01,Mehsana,87,97,94,10
2024-12-01,Mehsana,77,98,99,13
2025-01-01,Mehsana,79,89,91,13
2025-02-01,Mehsana,91,86,90,14
2025-03-01,Mehsana,86,96,97,8
2025-04-01,Mehsana,78,89,87,13
2025-05-01,Mehsana,87,97,99,8
2025-06-01,Mehsana,89,81,99,12
2025-07-01,Mehsana,82,96,96,7
2025-08-01,Mehsana,84,88,89,10
2025-09-01,Mehsana,94,81,95,12
2025-10-01,Mehsana,87,85,89,13
2025-11-01,Mehsana,75,85,90,11
2025-12-01,Mehsana,90,83,98,15
2026-01-01,Mehsana,83,82,87,19
2026-02-01,Mehsana,82,84,88,12
2026-03-01,Mehsana,80,81,88,16
2026-04-01,Mehsana,85,83,99,10
2026-05-01,Mehsana,91,85,87,18
2026-06-01,Mehsana,76,94,95,12
2026-07-01,Mehsana,93,92,96,9
2026-08-01,Mehsana,42,83,87,35
2022-07-01,Bhavnagar,75,96,96,19
2022-08-01,Bhavnagar,75,93,90,9
2022-09-01,Bhavnagar,85,83,97,15
2022-10-01,Bhavnagar,77,80,90,6
2022-11-01,Bhavnagar,84,84,91,14
2022-12-01,Bhavnagar,86,81,97,12
2023-01-01,Bhavnagar,76,80,99,9
2023-02-01,Bhavnagar,83,96,93,15
2023-03-01,Bhavnagar,89,85,91,7
2023-04-01,Bhavnagar,91,84,98,16
2023-05-01,Bhavnagar,86,97,98,9
2023-06-01,Bhavnagar,85,88,86,16
2023-07-01,Bhavnagar,77,82,85,12
2023-08-01,Bhavnagar,82,90,93,9
2023-09-01,Bhavnagar,88,82,89,9
2023-10-01,Bhavnagar,79,98,95,18
2023-11-01,Bhavnagar,78,92,94,13
2023-12-01,Bhavnagar,92,87,92,11
2024-01-01,Bhavnagar,82,93,87,17
2024-02-01,Bhavnagar,80,80,91,19
2024-03-01,Bhavnagar,89,80,93,5
2024-04-01,Bhavnagar,75,94,91,6
2024-05-01,Bhavnagar,88,87,92,7
2024-06-01,Bhavnagar,81,98,90,10
2024-07-01,Bhavnagar,77,86,87,12
2024-08-01,Bhavnagar,84,94,99,17
2024-09-01,Bhavnagar,75,86,95,8
2024-10-01,Bhavnagar,80,80,97,9
2024-11-01,Bhavnagar,75,83,90,6
2024-12-01,Bhavnagar,84,84,95,14
2025-01-01,Bhavnagar,75,85,97,19
2025-02-01,Bhavnagar,89,83,97,12
2025-03-01,Bhavnagar,94,94,97,12
2025-04-01,Bhavnagar,79,94,88,16
2025-05-01,Bhavnagar,87,81,95,19
2025-06-01,Bhavnagar,93,98,88,8
2025-07-01,Bhavnagar,85,84,88,15
2025-08-01,Bhavnagar,84,87,90,10
2025-09-01,Bhavnagar,82,94,94,18
2025-10-01,Bhavnagar,85,91,94,17
2025-11-01,Bhavnagar,82,97,93,5
2025-12-01,Bhavnagar,89,87,96,15
2026-01-01,Bhavnagar,86,91,88,8
2026-02-01,Bhavnagar,79,84,92,19
2026-03-01,Bhavnagar,84,96,96,19
2026-04-01,Bhavnagar,83,98,97,18
2026-05-01,Bhavnagar,82,88,90,15
2026-06-01,Bhavnagar,75,93,89,9
2026-07-01,Bhavnagar,88,83,90,11
2026-08-01,Bhavnagar,75,98,92,19
2022-07-01,Jamnagar,95,94,93,9
2022-08-01,Jamnagar,83,89,88,13
2022-09-01,Jamnagar,95,88,87,19
2022-10-01,Jamnagar,94,90,90,6
2022-11-01,Jamnagar,81,97,95,6
2022-12-01,Jamnagar,91,90,95,16
2023-01-01,Jamnagar,93,86,88,10
2023-02-01,Jamnagar,95,80,85,17
2023-03-01,Jamnagar,85,97,89,5
2023-04-01,Jamnagar,81,96,88,13
2023-05-01,Jamnagar,91,87,85,11
2023-06-01,Jamnagar,75,92,98,11
2023-07-01,Jamnagar,93,98,98,18
2023-08-01,Jamnagar,91,92,97,18
2023-09-01,Jamnagar,90,87,87,6
2023-10-01,Jamnagar,75,93,87,19
2023-11-01,Jamnagar,92,81,90,16
2023-12-01,Jamnagar,91,97,98,10
2024-01-01,Jamnagar,93,83,85,12
2024-02-01,Jamnagar,81,82,94,14
2024-03-01,Jamnagar,93,93,86,16
2024-04-01,Jamnagar,75,97,91,17
2024-05-01,Jamnagar,82,80,93,11
2024-06-01,Jamnagar,77,87,90,13
2024-07-01,Jamnagar,89,84,87,7
2024-08-01,Jamnagar,75,94,92,6
2024-09-01,Jamnagar,77,93,92,18
2024-10-01,Jamnagar,85,95,88,8
2024-11-01,Jamnagar,79,93,99,11
2024-12-01,Jamnagar,90,97,91,14
2025-01-01,Jamnagar,81,80,91,9
2025-02-01,Jamnagar,93,95,97,7
2025-03-01,Jamnagar,78,97,86,5
2025-04-01,Jamnagar,89,84,88,15
2025-05-01,Jamnagar,84,81,87,11
2025-06-01,Jamnagar,86,84,89,10
2025-07-01,Jamnagar,83,81,89,16
2025-08-01,Jamnagar,77,91,92,5
2025-09-01,Jamnagar,84,93,91,5
2025-10-01,Jamnagar,92,98,85,18
2025-11-01,Jamnagar,83,87,86,17
2025-12-01,Jamnagar,81,88,90,10
2026-01-01,Jamnagar,85,93,88,14
2026-02-01,Jamnagar,87,81,91,9
2026-03-01,Jamnagar,85,85,86,9
2026-04-01,Jamnagar,84,83,93,10
2026-05-01,Jamnagar,76,96,89,13
2026-06-01,Jamnagar,80,91,91,9
2026-07-01,Jamnagar,84,85,95,12
2026-08-01,Jamnagar,76,91,97,13
2022-07-01,Gandhinagar,95,86,94,17
2022-08-01,Gandhinagar,91,93,86,16
2022-09-01,Gandhinagar,85,80,87,9
2022-10-01,Gandhinagar,78,98,94,17
2022-11-01,Gandhinagar,95,90,92,15
2022-12-01,Gandhinagar,78,96,95,11
2023-01-01,Gandhinagar,82,82,90,6
2023-02-01,Gandhinagar,89,84,92,5
2023-03-01,Gandhinagar,78,94,88,7
2023-04-01,Gandhinagar,77,90,85,18
2023-05-01,Gandhinagar,87,90,86,13
2023-06-01,Gandhinagar,76,88,93,12
2023-07-01,Gandhinagar,91,80,93,17
2023-08-01,Gandhinagar,85,87,94,13
2023-09-01,Gandhinagar,81,82,87,6
2023-10-01,Gandhinagar,79,91,96,7
2023-11-01,Gandhinagar,80,81,96,7
2023-12-01,Gandhinagar,79,91,95,15
2024-01-01,Gandhinagar,91,96,94,13
2024-02-01,Gandhinagar,91,94,96,18
2024-03-01,Gandhinagar,90,98,92,19
2024-04-01,Gandhinagar,95,96,91,9
2024-05-01,Gandhinagar,90,85,92,13
2024-06-01,Gandhinagar,92,91,99,15
2024-07-01,Gandhinagar,83,92,94,19
2024-08-01,Gandhinagar,84,95,91,5
2024-09-01,Gandhinagar,95,86,98,19
2024-10-01,Gandhinagar,95,86,93,7
2024-11-01,Gandhinagar,90,87,86,15
2024-12-01,Gandhinagar,92,86,87,6
2025-01-01,Gandhinagar,84,86,85,18
2025-02-01,Gandhinagar,77,91,96,17
2025-03-01,Gandhinagar,76,82,89,15
2025-04-01,Gandhinagar,82,91,91,19
2025-05-01,Gandhinagar,91,83,97,10
2025-06-01,Gandhinagar,87,97,85,17
2025-07-01,Gandhinagar,84,91,98,6
2025-08-01,Gandhinagar,77,89,86,18
2025-09-01,Gandhinagar,87,92,86,7
2025-10-01,Gandhinagar,81,93,88,17
2025-11-01,Gandhinagar,91,91,93,12
2025-12-01,Gandhinagar,86,94,93,14
2026-01-01,Gandhinagar,81,84,85,18
2026-02-01,Gandhinagar,91,82,97,18
2026-03-01,Gandhinagar,92,83,86,18
2026-04-01,Gandhinagar,79,95,85,9
2026-05-01,Gandhinagar,88,94,93,19
2026-06-01,Gandhinagar,91,83,96,15
2026-07-01,Gandhinagar,79,84,95,16
2026-08-01,Gandhinagar,80,86,92,19
2022-07-01,Anand,88,90,98,17
2022-08-01,Anand,76,86,88,8
2022-09-01,Anand,82,98,97,18
2022-10-01,Anand,84,90,86,13
2022-11-01,Anand,83,96,94,7
2022-12-01,Anand,80,84,89,10
2023-01-01,Anand,89,96,93,7
2023-02-01,Anand,94,96,97,15
2023-03-01,Anand,84,82,86,6
2023-04-01,Anand,91,82,87,10
2023-05-01,Anand,87,94,93,13
2023-06-01,Anand,78,93,89,6
2023-07-01,Anand,85,88,92,7
2023-08-01,Anand,83,82,93,6
2023-09-01,Anand,86,89,93,19
2023-10-01,Anand,82,84,95,15
2023-11-01,Anand,76,94,90,12
2023-12-01,Anand,79,95,94,6
2024-01-01,Anand,80,84,96,17
2024-02-01,Anand,79,92,85,6
2024-03-01,Anand,82,92,98,17
2024-04-01,Anand,93,82,92,12
2024-05-01,Anand,76,87,95,17
2024-06-01,Anand,87,80,90,12
2024-07-01,Anand,93,95,92,16
2024-08-01,Anand,75,95,93,17
2024-09-01,Anand,85,92,93,9
2024-10-01,Anand,84,83,99,15
2024-11-01,Anand,80,86,89,15
2024-12-01,Anand,87,98,99,11
2025-01-01,Anand,84,89,95,9
2025-02-01,Anand,81,97,88,6
2025-03-01,Anand,88,92,97,16
2025-04-01,Anand,81,81,97,18
2025-05-01,Anand,91,88,85,12
2025-06-01,Anand,76,92,87,10
2025-07-01,Anand,93,86,94,13
2025-08-01,Anand,76,94,98,9
2025-09-01,Anand,78,83,86,8
2025-10-01,Anand,91,91,90,5
2025-11-01,Anand,84,80,90,14
2025-12-01,Anand,92,97,98,19
2026-01-01,Anand,86,83,95,7
2026-02-01,Anand,94,91,91,17
2026-03-01,Anand,85,80,90,19
2026-04-01,Anand,89,98,95,14
2026-05-01,Anand,76,93,86,17
2026-06-01,Anand,78,96,87,17
2026-07-01,Anand,83,86,99,11
2026-08-01,Anand,85,81,99,18
2022-07-01,Junagadh,94,90,95,7
2022-08-01,Junagadh,91,91,92,16
2022-09-01,Junagadh,95,94,89,15
2022-10-01,Junagadh,94,85,87,13
2022-11-01,Junagadh,79,82,95,5
2022-12-01,Junagadh,80,94,86,17
2023-01-01,Junagadh,77,96,93,12
2023-02-01,Junagadh,86,97,99,16
2023-03-01,Junagadh,90,87,96,18
2023-04-01,Junagadh,91,87,99,15
2023-05-01,Junagadh,88,97,88,11
2023-06-01,Junagadh,77,91,89,12
2023-07-01,Junagadh,77,93,99,13
2023-08-01,Junagadh,88,86,85,18
2023-09-01,Junagadh,86,83,93,10
2023-10-01,Junagadh,90,81,92,12
2023-11-01,Junagadh,85,92,85,12
2023-12-01,Junagadh,95,97,98,6
2024-01-01,Junagadh,88,94,99,10
2024-02-01,Junagadh,85,92,93,5
2024-03-01,Junagadh,80,88,92,15
2024-04-01,Junagadh,93,88,85,16
2024-05-01,Junagadh,88,94,90,10
2024-06-01,Junagadh,94,80,94,12
2024-07-01,Junagadh,92,80,86,5
2024-08-01,Junagadh,75,88,97,18
2024-09-01,Junagadh,75,92,88,14
2024-10-01,Junagadh,81,81,90,11
2024-11-01,Junagadh,88,97,99,6
2024-12-01,Junagadh,84,91,85,12
2025-01-01,Junagadh,85,82,95,10
2025-02-01,Junagadh,83,85,93,11
2025-03-01,Junagadh,83,97,96,12
2025-04-01,Junagadh,82,97,96,18
2025-05-01,Junagadh,94,94,95,19
2025-06-01,Junagadh,81,90,88,8
2025-07-01,Junagadh,80,82,99,13
2025-08-01,Junagadh,84,93,95,6
2025-09-01,Junagadh,86,91,97,13
2025-10-01,Junagadh,87,98,94,7
2025-11-01,Junagadh,88,83,97,12
2025-12-01,Junagadh,95,98,96,6
2026-01-01,Junagadh,80,97,87,10
2026-02-01,Junagadh,79,88,95,7
2026-03-01,Junagadh,84,98,87,17
2026-04-01,Junagadh,89,80,91,16
2026-05-01,Junagadh,91,84,88,16
2026-06-01,Junagadh,86,97,85,7
2026-07-01,Junagadh,83,83,94,9
2026-08-01,Junagadh,76,83,86,19
